jan,title,maker,series,grade,scale
,10円ゲーム（ベースボール）,Hasegawa,,プラモデル,1/12
,12リアルフィギュアコレクション No.47 “ビキニ”,Hasegawa,,レジンキット,1/12
,20 メカトロウィーゴ マジンガーコラボ Vol.3 “ぐれ…,Hasegawa,,プラモデル,1/20
,2WAY モデリングルーペ（LEDライト付）,Hasegawa,,模型用工具,
,A.S.G. ガールズ EMO-X0022 “アリア”,Hasegawa,,プラモデル,1/12
,A.S.G. ガールズ EMO-X0024 “シエル”,Hasegawa,,プラモデル,1/12
,"AH-64D アパッチ ロングボウ ""陸上自衛隊""",Hasegawa,,プラモデル,1/48
,"ANA ボーイング 737-800 ""トリトンブルー""",Hasegawa,,プラモデル,1/200
,ANA ボーイング 767-300,Hasegawa,,プラモデル,1/200
,ANA ボーイング 787-9 （GEエンジン）,Hasegawa,,プラモデル,1/200
,AV-8B ハリアーII プラス,Hasegawa,,プラモデル,1/72
,AV-8B ハリアーII プラス “VMA-223 スペシャ…,Hasegawa,,プラモデル,1/48
,B-239 バッファロー “フィンランド空軍 エーセス”,Hasegawa,,プラモデル,1/72
,BMW 2002 tii 後期型（1973）,Hasegawa,,プラモデル,1/24
,BMW 320i “カスタムバージョン”,Hasegawa,,プラモデル,1/24
,F-117A ナイトホーク,Hasegawa,,プラモデル,1/72
,F-14A トムキャット (ハイビジ),Hasegawa,,プラモデル,1/72
,F-14A トムキャット “エースコンバット ウォードッグ隊…,Hasegawa,,プラモデル,1/72
,F-14B トムキャット “VF-103 ジョリー ロジャー…,Hasegawa,,プラモデル,1/72
,F-15J イーグル “201SQ 40周年記念塗装”,Hasegawa,,プラモデル,1/72
,F-15J イーグル “航空自衛隊”,Hasegawa,,プラモデル,1/72
,F-15J/DJ イーグル“航空自衛隊”,Hasegawa,,プラモデル,1/48
,F-22 ラプター,Hasegawa,,プラモデル,
,F-35 ライトニングII（B型） “ビーストモード”,Hasegawa,,プラモデル,1/72
,F-4 ファントム II “302SQ F-4 ファイナルイ…,Hasegawa,,プラモデル,
,F-4EJ改 スーパーファントム “302SQ F-4 ファ…,Hasegawa,,プラモデル,1/48
,F/A-18C ホーネット,Hasegawa,,プラモデル,1/72
,F/A-18F スーパー ホーネット“VFA-11 レッド …,Hasegawa,,プラモデル,1/72
,F4F-4 ワイルドキャット “第9戦闘飛行隊”,Hasegawa,,プラモデル,1/72
,J35Fドラケン & SH37 ビゲン “F13航空団”,Hasegawa,,プラモデル,1/72
,P-47 サンダーボルト,Hasegawa,,プラモデル,
,Pkw.K1 キューベルワーゲン 82型 w/ブロンドガール…,Hasegawa,,プラモデル,1/24
,Pkw.K1 キューベルワーゲン 82型（バルーンタイヤ）w…,Hasegawa,,プラモデル,1/24
,SBD-3 ドーントレス “ミッドウェー海戦”,Hasegawa,,プラモデル,1/48
,SBD-3 ドーントレス “第2偵察飛行隊”,Hasegawa,,プラモデル,1/72
,SV-51γ イワノフ機/α 量産機 “マクロスゼロ”,Hasegawa,,プラモデル,1/72
,Sv-262Hs ドラケンIII ロイド機 “マクロスΔ”,Hasegawa,,プラモデル,1/72
,TA-4J スカイホーク,Hasegawa,,プラモデル,1/48
,TG-11-M “ガラヤカ[ちょーげんき♪すぺしゃる]”,Hasegawa,,プラモデル,1/100
,Ta154A-1 & Fw190A-8 “ミステル”,Hasegawa,,プラモデル,1/72
,U-36A リアジェット “海上自衛隊”,Hasegawa,,プラモデル,1/48
,VF-19EF/A イサム・スペシャル “マクロスF”,Hasegawa,,プラモデル,1/48
,VF-1A バルキリー “ロービジビリティ”,Hasegawa,,プラモデル,1/48
,VF-1S ストライク バトロイド バルキリー,Hasegawa,,プラモデル,1/72
,VF-1S バトロイド バルキリー “マックス”,Hasegawa,,プラモデル,1/72
,VF-1S/A バルキリー “スカル小隊”,Hasegawa,,プラモデル,1/48
,VF-22S “SVF-124 ムーンシューターズ”,Hasegawa,,プラモデル,1/72
,VF-25F トルネード メサイア “マクロスF” （大気圏…,Hasegawa,,プラモデル,1/72
,VF-25F/S スーパー メサイア “マクロスF”,Hasegawa,,プラモデル,1/72
,VF-31E ジークフリード “レイナ・プラウラー カラー”…,Hasegawa,,プラモデル,1/72
,VF-31J改 ジークフリード ハヤテ機 “マクロスΔ”,Hasegawa,,プラモデル,1/72
,VF-31S ジークフリード “美雲・ギンヌメール カラー”…,Hasegawa,,プラモデル,1/72
,"YF-21 ""マクロスプラス""",Hasegawa,,プラモデル,1/72
,YZR-8000H/Γ/R “マイザー・イータ/ガンマ タイ…,Hasegawa,,プラモデル,1/100
,「エリア88」 F-20 タイガーシャーク “風間 真”,Hasegawa,,プラモデル,1/48
,「エリア88」F-20 タイガーシャーク “風間 真”,Hasegawa,,プラモデル,1/72
,「エースコンバット7 スカイズ・アンノウン」 F-15C イ…,Hasegawa,,プラモデル,1/48
,「エースコンバット7 スカイズ・アンノウン」 F-16 ファ…,Hasegawa,,プラモデル,1/72
,「キャプテンハーロック 次元航海」宇宙海賊戦艦 アルカディア…,Hasegawa,,プラモデル,1/2500
,「タイムボカン」 マージョ,Hasegawa,,レジンキット,1/12
,「バリバリ伝説」 Honda NSR500 “巨摩郡”,Hasegawa,,プラモデル,1/12
,「旧車GIRLS」 ダットサン 240Z w/フィギュア,Hasegawa,,プラモデル,1/24
,「科学忍者隊ガッチャマン」 白鳥のジュン （特殊ヨーヨー）,Hasegawa,,レジンキット,1/12
,「聖戦士ダンバイン」チャム・ファウ,Hasegawa,,レジンキット,
,「赤い光弾ジリオン」 アップル,Hasegawa,,レジンキット,1/12
,「銀河特急 ミルキー☆サブウェイ」 レトロ自販機（えきべん）,Hasegawa,,プラモデル,1/12
,いすゞ 117クーペ 中期型（XC-J）（1976）,Hasegawa,,プラモデル,1/24
,いすゞ ジェミニ （JT150）  イルムシャー ターボ  …,Hasegawa,,プラモデル,1/24
,いすゞ ベレット 1600GTR 後期型 （1973）,Hasegawa,,プラモデル,1/24
,アドバン スカイライン RSターボ  （DR30） “198…,Hasegawa,,プラモデル,1/24
,アメリカ グランドクルーセット A,Hasegawa,,プラモデル,1/48
,アメリカ ネイビーパイロット / デッキ クルーセットA,Hasegawa,,プラモデル,1/48
,アメリカ パイロット / グランドクルーセット B,Hasegawa,,プラモデル,1/48
,ウィリアムズ FW14,Hasegawa,,プラモデル,1/24
,ウルトラホーク 1号,Hasegawa,,プラモデル,1/144
,エアクラフト ウエポン A アメリカ通常爆弾セット,Hasegawa,,プラモデル,1/48
,エアクラフト ウエポン B アメリカ特殊爆弾セット,Hasegawa,,プラモデル,1/48
,エアクラフト ウエポン C アメリカ ミサイルセット,Hasegawa,,プラモデル,1/48
,エアクラフト ウエポン I アメリカ通常爆弾セット,Hasegawa,,プラモデル,1/72
,エアクラフト ウエポン II アメリカ特殊爆弾セット,Hasegawa,,プラモデル,1/72
,エアクラフト ウエポン III アメリカ空対空ミサイルセット,Hasegawa,,プラモデル,1/72
,エアクラフト ウエポン IV アメリカ空対地ミサイルセット,Hasegawa,,プラモデル,1/72
,エヴァRT初号機スカイライン R32 GT-R,Hasegawa,,プラモデル,1/24
,エースコンバット 震電 II “エースコンバット30周年記念…,Hasegawa,,プラモデル,1/72
,カプセルトイマシン,Hasegawa,,プラモデル,1/12
,カワサキ GPZ900R （A2）  Ninja （1985…,Hasegawa,,プラモデル,1/12
,カワサキ KH250-B3/B4,Hasegawa,,プラモデル,1/12
,クレーンゲーム,Hasegawa,,プラモデル,1/12
,ケモミミギャル 「miya」,Hasegawa,,レジンキット,1/12
,サード キッツ トヨタ 92C-V “1992 JSPC 鈴…,Hasegawa,,プラモデル,1/24
,サード キッツ トヨタ 92C-V “1992 ル･マン”,Hasegawa,,プラモデル,1/24
,シビック SB-1 “チーム ヤマト”,Hasegawa,,プラモデル,1/24
,ジェットビートル  w/ハイドロジェネード･サブロケット （…,Hasegawa,,プラモデル,1/72
,ジャックス シビック （EF9） “1990 JTC”,Hasegawa,,プラモデル,1/24
,スズキ GT380 B “湘南爆走族”,Hasegawa,,プラモデル,1/12
,スズキ ジムニー w/キャンプガールズフィギュア,Hasegawa,,プラモデル,1/24
,スバル 360 デラックス w/ルーフキャリア,Hasegawa,,プラモデル,1/24
,"スバル 360 ヤング SS ""1968""",Hasegawa,,プラモデル,1/24
,スバル ニュー インプレッサ WRX （1994）,Hasegawa,,プラモデル,1/24
,スバル レガシィ GT ツーリングワゴン,Hasegawa,,プラモデル,1/24
,ダットサン サニートラック （GB120）  “ファイアパタ…,Hasegawa,,プラモデル,1/24
,ダットサン ブルーバード 1600 SSS “カスタムホイー…,Hasegawa,,プラモデル,1/24
,ヂーゼル機器 スカイライン GTS-R（R31）,Hasegawa,,プラモデル,1/24
,ティレル 021,Hasegawa,,プラモデル,1/24
,デンソー トヨタ 91C-V “1991 JSPC”,Hasegawa,,プラモデル,1/24
,トヨタ 88C  IMSA GTP （デイトナ タイプ）,Hasegawa,,プラモデル,1/24
,トヨタ カローラ レビン AE92 GT-Z 前期型,Hasegawa,,プラモデル,1/24
,トヨタ スターレット EP71 ターボS （3ドア） 中期型,Hasegawa,,プラモデル,1/24
,トヨタ スプリンター トレノ  AE86 GT APEX 前…,Hasegawa,,プラモデル,1/24
,トヨタ スプリンター トレノ AE92 GT APEX 前期…,Hasegawa,,プラモデル,1/24
,トヨタ スープラ A70 3.0GTターボ A “カスタムバ…,Hasegawa,,プラモデル,1/24
,トヨタ セリカ LB 1600GT （カジュアルターコイズ）,Hasegawa,,プラモデル,1/32
,トヨタ セリカ LB 1600GT （シビリアンパープル）,Hasegawa,,プラモデル,1/32
,トヨタ セリカ LB 1600GT （ソシアルシルバー）,Hasegawa,,プラモデル,1/32
,トヨタ セリカ LB 1600GT （ホワイトスピリット）,Hasegawa,,プラモデル,1/32
,トヨタ ソアラ （Z20） 後期型 2.0GT-ツインターボ…,Hasegawa,,プラモデル,1/24
,ドイツ列車砲 K5(E) “レオポルド” w/フィギュア,Hasegawa,,プラモデル,1/72
,ニッサン 240RS （BS110） “1983 WEC I…,Hasegawa,,プラモデル,1/24
,ニッサン ガゼール （S110） 後期型 HT DOHC R…,Hasegawa,,プラモデル,1/24
,ニッサン サニートラック（GB122）“後期型” w/チンス…,Hasegawa,,プラモデル,1/24
,ニッサン スカイライン  2000RS （R30） 最初期型…,Hasegawa,,プラモデル,1/24
,ニッサン スカイライン 2000GT-R（KPGC110）レ…,Hasegawa,,プラモデル,1/24
,ニッサン パルサー GTI-R （RNN14） “1991 …,Hasegawa,,プラモデル,1/24
,ニッサン フェアレディ 240Z “ストリートカスタム”,Hasegawa,,プラモデル,1/24
,ニッサン フェアレディZ（Z32）バージョンR ツインターボ…,Hasegawa,,プラモデル,1/24
,"ニッサン ブルーバード 1600 SSS ""1969""",Hasegawa,,プラモデル,1/24
,ニッサン ブルーバード 4ドアセダン SSSアテーサ リミテ…,Hasegawa,,プラモデル,1/24
,ハインケル He111Z-2 “長距離爆撃機”,Hasegawa,,プラモデル,1/72
,ハッブル宇宙望遠鏡 & スペースシャトル オービター w/宇…,Hasegawa,,プラモデル,1/200
,フォッケウルフ Fw190A,Hasegawa,,プラモデル,
,フォッケウルフ Fw190D-9 “第44戦闘団”,Hasegawa,,プラモデル,1/72
,"フォルクスワーゲン タイプ2 ピックアップ トラック ""19…",Hasegawa,,プラモデル,1/24
,ホンダ F1 RA272E ’65 メキシコ GP 優勝車,Hasegawa,,プラモデル,1/24
,ホンダ N360 （N I） “レース仕様”,Hasegawa,,プラモデル,1/24
,ホンダ N360S （N II） “ルーシー マクドネル” …,Hasegawa,,プラモデル,1/24
,ホンダ VT250F （MC08）（1984） “ブラックカ…,Hasegawa,,プラモデル,1/12
,ホンダ XLR BAJA （MD22）（1992）,Hasegawa,,プラモデル,1/12
,ホンダ シビック VTi/ETi,Hasegawa,,プラモデル,1/24
,ホンダ シビック フェリオ VTi トランクスポイラーバージ…,Hasegawa,,プラモデル,1/24
,ボーイング 747-400 “デモンストレイター”,Hasegawa,,プラモデル,1/200
,ボーイング 777-300ER “デモンストレイター”,Hasegawa,,プラモデル,1/200
,マイクロ ポリッシング クロス （8枚入り）,Hasegawa,,模型用工具,
,"マツダ コスモ スポーツ L10B ""1968""",Hasegawa,,プラモデル,1/24
,マツダ サバンナ RX-7 （SA22C） “1979 ポー…,Hasegawa,,プラモデル,1/24
,マツダ サバンナ RX-7 （SA22C） 後期型 “カスタ…,Hasegawa,,プラモデル,1/24
,ミニ クーパー 1.3i （1997） “ユニオンジャック”,Hasegawa,,プラモデル,1/24
,ミノルタ トヨタ 88C（ル・マン タイプ）,Hasegawa,,プラモデル,1/24
,メカトロウィーゴ No.15 Hello WeGo! “サト…,Hasegawa,,プラモデル,1/35
,メカトロウィーゴ ボトムズコラボシリーズ Vol.5 “らう…,Hasegawa,,プラモデル,1/35
,ヤマハ RZ250（4L3）w/カウル（1982）,Hasegawa,,プラモデル,1/12
,ヤマハ TZR250 （3MA）前期型 （1989）  “ブ…,Hasegawa,,プラモデル,1/12
,ヤンマー トラクター YT5113A,Hasegawa,,プラモデル,1/35
,"ユンカース Ju87G-2 スツーカ ""タンクバスター""",Hasegawa,,プラモデル,1/48
,ランカスター B Mk.I/Mk.III,Hasegawa,,プラモデル,1/72
,ランチア 037 ラリー “1984 ツール・ド・コルスラリ…,Hasegawa,,プラモデル,1/24
,ランチア ストラトス HF “1977 モンテカルロ ラリー…,Hasegawa,,プラモデル,1/24
,ランチア デルタ HF インテグラーレ 16v “1989 …,Hasegawa,,プラモデル,1/24
,"ランボルギーニ イオタ SVR ""1975""",Hasegawa,,プラモデル,1/24
,レイトンハウス ローラ T90-50,Hasegawa,,プラモデル,1/24
,レトロ自販機（ブックベンダー）,Hasegawa,,プラモデル,1/12
,レトロ自販機（瓶ジュース）,Hasegawa,,プラモデル,1/12
,ロボットバトルV（ファイブ）44型重装甲戦闘服 M…,Hasegawa,,プラモデル,1/20
,ロボットバトルV（ファイブ）宇宙用重装甲戦闘服 MK44G型…,Hasegawa,,プラモデル,1/20
,ワイルドたまごガールズ No.03 フォルクスワーゲン ビー…,Hasegawa,,プラモデル,1/24
,三菱 A6M5 零式艦上戦闘機 52型 “撃墜王” w/フィ…,Hasegawa,,プラモデル,1/48
,三菱 F-2A,Hasegawa,,プラモデル,1/48
,三菱 F-2B “飛行開発実験団” w/ASM-3,Hasegawa,,プラモデル,1/48
,三菱 MU-2J “飛行点検隊” w/牽引車,Hasegawa,,プラモデル,1/72
,三菱 コルト ギャラン GTO-MR “ブルーカラー”,Hasegawa,,プラモデル,1/24
,三菱 ランサー GSR エボリューション III “1996…,Hasegawa,,プラモデル,1/24
,三菱 零戦 52型丙,Hasegawa,,プラモデル,1/32
,中島 キ84 四式戦闘機 疾風 “プロトタイプ”,Hasegawa,,プラモデル,1/48
,中島 キ84-I 四式戦闘機 疾風,Hasegawa,,プラモデル,1/48
,中島 一式戦 隼,Hasegawa,,プラモデル,1/32
,九州 J7W2 局地戦闘機 震電改 “第352航空隊”,Hasegawa,,プラモデル,1/48
,公園のベンチとゴミ箱,Hasegawa,,プラモデル,1/12
,反重力装甲戦闘機 Pkf.85 ファルケ “グリフォンエッグ…,Hasegawa,,プラモデル,1/20
,反重力装甲戦闘機 Pkf.85bis グリフォン,Hasegawa,,プラモデル,1/20
,川崎 C-1“第2輸送航空隊 60周年記念 スペシャルペイン…,Hasegawa,,プラモデル,1/200
,川崎 T-4 “ブルーインパルス 第11飛行隊 30周年記念…,Hasegawa,,プラモデル,1/48
,川崎 キ45改 二式複座戦闘機 屠龍 丁型,Hasegawa,,プラモデル,1/48
,川西 H8K2 二式大型飛行艇 一ニ型,Hasegawa,,プラモデル,1/72
,新明和 US-1 “レスキューアイボリー”,Hasegawa,,プラモデル,1/72
,日本海軍 戦艦 三笠 “黄海海戦” w/木製甲板,Hasegawa,,プラモデル,1/350
,日本海軍 戦艦 三笠 フルハルスペシャル フルディテールアッ…,Hasegawa,,プラモデル,1/700
,日本海軍 航空戦艦 伊勢 “フルハルスペシャル”,Hasegawa,,プラモデル,1/700
,日本海軍 航空母艦 瑞鳳,Hasegawa,,プラモデル,1/700
,日本海軍 航空母艦 赤城,Hasegawa,,プラモデル,1/350
,日本海軍 駆逐艦 島風 “最終時”,Hasegawa,,プラモデル,1/350
,日本特設潜水母艦 平安丸,Hasegawa,,プラモデル,1/700
,日本航空 ボーイング 767-300ER,Hasegawa,,プラモデル,1/200
,日本航空 ボーイング 767-300ER  w/ウイングレッ…,Hasegawa,,プラモデル,1/200
,"日本航空母艦 赤城 ""三段甲板""",Hasegawa,,プラモデル,1/700
,日本郵船 氷川丸,Hasegawa,,プラモデル,1/700
,日本駆逐艦 峯雲,Hasegawa,,プラモデル,1/700
,日本駆逐艦 朝霜,Hasegawa,,プラモデル,1/700
,日本駆逐艦 秋霜,Hasegawa,,プラモデル,1/700
,日本駆逐艦 荒潮,Hasegawa,,プラモデル,1/700
,日本高速戦艦 比叡,Hasegawa,,プラモデル,1/700
,日立建機 タンデム振動ローラ ZC50T-5,Hasegawa,,プラモデル,1/35
,日立建機 油圧ショベル ZAXIS135US クラッシャー仕…,Hasegawa,,プラモデル,1/35
,日立建機 油圧ショベル ZAXIS135US 切削カッター仕…,Hasegawa,,プラモデル,1/35
,早瀬未沙 w/VF-1S スーパー バルキリー（たまごひこー…,Hasegawa,,プラモデル,1/24
,有人潜水調査船 しんかい6500 “ディテールアップ バージ…,Hasegawa,,プラモデル,1/72
,江ノ島電鉄 100形（情景シート付）,Hasegawa,,プラモデル,1/80
,海上自衛隊 イージス護衛艦 あたご,Hasegawa,,プラモデル,1/450
,無人宇宙探査機 ボイジャー,Hasegawa,,プラモデル,1/48
,無人宇宙探査機 ボイジャー w/ ミッションエンブレムワッペ…,Hasegawa,,プラモデル,1/48
,部室の机と椅子,Hasegawa,,プラモデル,1/12
