uuid,jan,name,maker,series,grade,scale,status,memo,updatedAt,sheet_updated_at
F89A1BCC-2DE0-490C-ADE6-A8A81EE58D99,,MS-05B ザクI（旧ザク）,BANDAI,機動戦士ガンダム,HG,1/144,制作中,,2025-12-20T06:04:17Z,
0D352B52-1A37-47E1-A7F9-4DA3B68A628B,,40周年記念 RX-78-2 ガンダム BEYOND GLOBAL [ガンダムベース限定 クリアカラー],BANDAI,機動戦士ガンダム,HG,1/144,完成,,2025-12-19T21:54:03Z,
242E3D63-A553-41FD-B7B2-4B861B795BA3,4573102631398,アトラスガンダムGUNDAM THUNDERBOLT Ver.,BANDAI,機動戦士ガンダムサンダーボルト,HG,1/144,積み,,2025-12-19T21:54:03Z,
29EB22AB-C498-44A7-9070-A764AD134389,,MS-09 ドム/MS-09R リック・ドム,BANDAI,機動戦士ガンダム,HG,1/144,制作中,,2025-12-19T21:54:03Z,
88DC2616-BE67-41A5-B35E-9DAB39C2DFD3,,GN-001 ガンダムエクシア［ガンダムベース限定 トランザムクリア］,BANDAI,機動戦士ガンダム00,RG,1/144,完成,,2025-12-19T21:54:03Z,
64343218-D626-405D-B78F-C8407DFB767C,,MS-09 リック・ドム ガイア機/オルテガ機（GQ),BANDAI,機動戦士Gundam GQuuuuuuX,HG,1/144,積み,,2025-12-19T21:54:03Z,
C241B6E7-BFF3-47E4-B785-461E0060E5A8,,AMX-004 キュベレイ,BANDAI,機動戦士ガンダムZ,HG,1/144,完成,,2025-12-19T21:54:03Z,
27F9C1C6-6B93-427B-A1BF-C2491662FEC5,,ZGMF/A-262PD-P マイティーストライクフリーダムガンダム,BANDAI,機動戦士ガンダムSEED FREEDOM,HG,1/144,完成,,2025-12-19T21:54:03Z,
7B6A06A5-CCA8-4AF8-AD4E-E1481F22967E,,RCX-76-02 ガンキャノン 最初期型(鉄騎兵中隊機),BANDAI,機動戦士ガンダム THE ORIGIN,HG,1/144,いつか手に入れたい,,2025-12-20T06:01:56Z,
8BCC2C3C-ACEC-421E-8691-078DE85EC90D,,MS-06R 高機動型ザク サイコ・ザク GUNDAM THUNDERBOLT Ver.,BANDAI,機動戦士ガンダムサンダーボルト,HG,1/144,積み,,2025-12-19T21:54:03Z,
9F8719EF-68BD-4B90-8B3D-7063E1AF1B43,,RX-78-2 ガンダムVer.3.0,BANDAI,機動戦士ガンダム,MG,1/100,完成,,2025-12-19T21:54:03Z,
5EB0D575-2470-4751-B953-A3CEF2D7D200,,エルガイム,BANDAI,重戦機エルガイム,HG,1/144,完成,,2025-12-19T21:54:03Z,
AF9D1A25-7920-4A6C-A9A6-360F0295AFA7,,MSZ-010S 強化型ダブルゼータガンダム Ver．Ka,BANDAI,機動戦士ガンダムZZ,MG,1/100,予約済み,,2025-12-20T02:50:41Z,
7C9B77A6-824B-45A8-8A65-786B593C2D87,,ZGMF-X09A ジャスティスガンダム,BANDAI,機動戦士ガンダムSEED,RG,1/144,完成,,2025-12-19T21:54:03Z,
4686C5BC-732C-4770-AE3B-2F42C0CE5F26,,RX-78-2 ガンダム  ベストメカコレクション(REVIVAL Ver.),BANDAI,機動戦士ガンダム,HG,1/144,制作中,,2025-12-20T06:03:35Z,
9AC32E3F-A1C6-40AC-B195-700061492A88,4573102691897,RX-78-02 白いガンダム,BANDAI,機動戦士Gundam GQuuuuuuX,HG,1/144,積み,,2025-12-19T21:54:03Z,
8B3BA3ED-555F-45AC-9745-BAFBFC5829F2,4573102638694,AMX-004-2 キュベレイMk-II(エルピー・プル専用機)プレミアムバンダイ限定,BANDAI,機動戦士ガンダムZZ,HG,1/144,積み,,2025-12-19T21:54:03Z,
DD4E46C9-9931-4603-BC55-F0D414922885,,RTX-65 ガンタンク初期型,BANDAI,機動戦士ガンダム THE ORIGIN,HG,1/144,いつか手に入れたい,,2025-12-20T02:52:03Z,
A48F105A-E842-46EA-B66E-CF550A81B72C,,アクションベース1 機動戦士ガンダム連邦軍Ver. ［メタリック］非売品ガンダムベース限定景品,BANDAI,機動戦士ガンダム,HG,1/144,完成,,2025-12-19T21:54:03Z,
F6FDF3C4-7E50-4F99-B4D1-70BE81203F95,,ORX-139 ハンブラビ　GQ,BANDAI,機動戦士Gundam GQuuuuuuX,HG,1/144,予約済み,,2025-12-20T02:50:54Z,
EBEB19F0-971F-4048-BDF2-6D9D7B11CA65,,RGM-79 ジム,BANDAI,機動戦士ガンダム,HG,1/144,完成,,2025-12-19T21:54:03Z,
B1D300F4-5486-4FBD-B1B8-B2A1BAF3ACA4,,MSM-07S シャア専用ズゴック,BANDAI,機動戦士ガンダム,HG,1/144,完成,,2025-12-19T21:54:03Z,
671B0127-7C4D-4879-8D58-796B82F75D87,,MS-09 リック・ドム シャリア専用 GQ,BANDAI,機動戦士Gundam GQuuuuuuX,HG,1/144,予約済み,,2025-12-19T21:54:03Z,
D0B7436B-F66D-48D9-A713-E9540231F8F7,,RX-78-01 01ガンダム,BANDAI,機動戦士Gundam GQuuuuuuX,HG,1/144,予約済み,,2025-12-19T21:54:03Z,
DC1DBDE0-E9C0-4D0C-8275-5FC259B07A8A,,ZGMF-X666S レジェンドガンダム,BANDAI,機動戦士ガンダムSEED DESTINY,HG,1/144,予約済み,,2025-12-19T21:54:03Z,
BDEDD8BD-C8E2-43A9-9A42-EB9CE02C8B0B,,MS-06F ドアン専用ザク,BANDAI,ククルス・ドアンの島版,HG,1/144,完成,,2025-12-19T21:54:03Z,
D9D2582B-435F-4C3B-A61C-910CEB9821DB,4573102606624,MS-14S シャア専用ゲルググ,BANDAI,機動戦士ガンダム,HG,1/144,積み,,2025-12-19T21:54:03Z,
E5494532-6C14-426D-8D41-B6496C407710,4573102631374,FA-78 フルアーマー・ガンダムGUNDAM THUNDERBOLT Ver.,BANDAI,機動戦士ガンダムサンダーボルト,HG,1/144,積み,,2025-12-19T21:54:03Z,
382A57FC-B48F-48DF-896E-35F67930924E,,RX-78-2 ガンダム UNLEASHED,BANDAI,機動戦士ガンダム,PG,1/60,完成,,2025-12-19T21:54:03Z,
C58B2EE3-5C6F-446C-A474-057A6B879202,,RX-78-2 ガンダム[ゴールドコーティング]非売品ガンダムベース限定景品,BANDAI,機動戦士ガンダム,HG,1/144,完成,,2025-12-19T21:54:03Z,
E28B8325-A097-4BDD-9896-8B774B9F38F3,,MSZ-010 ダブルゼータガンダム,BANDAI,機動戦士ガンダムZZ,HG,1/144,制作中,,2025-12-19T21:54:03Z,
20CCFCC8-0771-49BA-B9AB-E83386734AEC,,MSZ-006 ゼータガンダム[U.C.0088],BANDAI,機動戦士ガンダムZ,HG,1/144,完成,,2025-12-19T21:54:03Z,
BFAEFD49-1DB2-4D9A-A695-23121EFA7899,,RX-77-01ガンキャノン,BANDAI,ククルス・ドアンの島版,HG,1/144,完成,,2025-12-19T21:54:03Z,
93F8FED4-5526-4FFE-B3B7-AE9D30D6F571,,MS-06S シャア専用ザク 赤い彗星Ver.,BANDAI,機動戦士ガンダム THE ORIGIN,HG,1/144,完成,,2025-12-19T21:54:03Z,
A9E10E26-F675-44ED-AE82-F8D86AEBF1BD,,オージ [スペシャルコーティング],BANDAI,重戦機エルガイム,HG,1/144,予約済み,,2025-12-19T21:54:03Z,
A04252DA-672B-4E8E-A0A3-9DD5352F56FE,,TMF/A-803 ラゴゥ,BANDAI,機動戦士ガンダムSEED,HG,1/144,完成,,2025-12-19T21:54:03Z,
5BD17A01-7252-4DF8-B2F5-26E1A5CDEC47,,FA-78-1 フルアーマー・ガンダムVer.Ka,BANDAI,機動戦士ガンダムサンダーボルト,MG,1/100,完成,,2025-12-19T21:54:03Z,
86915375-CD7E-4931-BFFD-F9E0A581F9EB,,GN-002ガンダムデュナメス［ガンダムベース限定クリアカラー］,BANDAI,機動戦士ガンダム00,MG,1/100,完成,,2025-12-19T21:54:03Z,
7F6F8592-339D-4D87-AA49-6B686A0DABB2,,ダンバイン,BANDAI,聖戦士ダンバイン,HG,1/72,完成,,2025-12-19T21:54:03Z,
FA8E93EF-20A9-43D8-B717-6AF5E85BAFD8,,RX-78-2 ガンダムVer.2.0用武器セット,BANDAI,機動戦士ガンダム,RG,1/144,完成,,2025-12-20T02:51:23Z,
C9C3A854-300E-44D3-95D9-9B24494C7B67,,EXスタンダード ライジングフリーダムガンダム,BANDAI,機動戦士ガンダムSEED FREEDOM,SD,,完成,,2025-12-19T21:54:03Z,
F8396EB7-37DF-47E0-9C00-904E4482D173,,GAT-X105+AQM/E-X01エールストライクガンダム,BANDAI,機動戦士ガンダムSEED,HG,1/144,完成,,2025-12-19T21:54:03Z,
45A727BF-CBF8-4BAD-AF92-4B915520A0DF,,RX-78-02 ガンダム,BANDAI,ククルス・ドアンの島版,HG,1/144,完成,,2025-12-19T21:54:03Z,
39D3F83B-A935-4F03-8C15-53E709C23E1F,,MS-07 グフ,BANDAI,機動戦士ガンダム,HG,1/144,完成,,2025-12-19T21:54:03Z,
BFCB3510-8BE6-4DC8-B95B-29D692B2B843,,ダンバイン,BANDAI,聖戦士ダンバイン,MG,1/35,完成,,2025-12-19T21:54:03Z,
31F2EC62-4587-4845-B7BB-EF6FF48A4A5A,,GN-0000+GNR-010 ダブルオーライザー,BANDAI,機動戦士ガンダム00,RG,1/144,完成,,2025-12-19T21:54:03Z,
323F11D3-D38F-4F0E-83C7-CC2AACB41D8E,,MSN-02 ジオング,BANDAI,機動戦士ガンダム,RG,1/144,完成,,2025-12-19T21:54:03Z,
ED9C724D-09A1-4D6A-A484-CB2423DCFEC2,,RX-75 ガンタンク,BANDAI,機動戦士ガンダム,HG,1/144,完成,,2025-12-19T21:54:03Z,
E7EA02F1-F8C4-4F9E-BCCE-67B1FA1F6AAC,,ZGMF-X10A フリーダムガンダム,BANDAI,機動戦士ガンダムSEED,HG,1/144,完成,,2025-12-19T21:54:03Z,
AE1278E6-8678-406A-9791-95E0D61BE482,,GAT-X105+AQM/E-X01&FX-550 E-X02 E-X03 エールストライクガンダム & スカイグラスパー ランチャー/ソードパック セット[ガンダムベース限定 クリアカラー],BANDAI,機動戦士ガンダムSEED,RG,1/144,完成,,2025-12-19T21:54:03Z,
B23AF25B-84A3-4160-8A77-7FF78EAFC00B,,COMBAT ARMORS ダグラム Ver.GT,MAX FACTORY,Get truth 太陽の牙ダグラム,不明,1/72,完成,,2025-12-19T21:54:03Z,
D97AB8F8-DCEF-453E-A6A0-ED57BA8C1C1E,,RX-78(G)E ガンダムEX,BANDAI,機動戦士ガンダム復讐のレクイエム,HG,1/144,完成,,2025-12-19T21:54:03Z,
C8DCB5B5-181B-4840-B2AA-051326424FB3,,聖戦士ダンバイン サーバイン スペシャルコーティング,BANDAI,聖戦士ダンバイン,HG,1/72,完成,,2025-12-19T21:54:03Z,
53E21337-F105-44E2-8BC0-66149B699BF4,,ウエポン＆アーマーハンガーFOR フルアーマー・ガンダムVer.ka,BANDAI,機動戦士ガンダムサンダーボルト,MG,1/100,完成,,2025-12-19T21:54:03Z,
1A5525B6-9EA5-46EA-9A3F-0005FB5D31F5,,MBF-P02 ガンダムアストレイ レッドドラゴン,BANDAI,機動戦士ガンダムSEED ASTRAY,MG,1/100,完成,,2025-12-19T21:54:03Z,
0F620FA2-3928-40E4-B442-CEAC960CD16E,,RX-78-2 ガンダムVer.2.0,BANDAI,機動戦士ガンダム,RG,1/144,完成,,2025-12-19T21:54:03Z,
304C9ADE-E322-4503-B56A-5EA5116B19D2,,赤いガンダム,BANDAI,機動戦士Gundam GQuuuuuuX,HG,1/144,制作中,,2025-12-20T06:03:17Z,
C2027CBC-A0BB-4F04-9EE1-7EB092DCCC1F,4573102588128,次元ビルドナックルズ 角,BANDAI,,HG,1/144,積み,,2025-12-19T21:54:03Z,
AC9BF0C5-0D21-4527-B08F-3031FE393697,,gMS-Ω GQuuuuuuX（ジークアクス）,BANDAI,機動戦士Gundam GQuuuuuuX,HG,1/144,完成,,2025-12-19T21:54:03Z,
CD5DC170-7746-4641-82F1-5C1FC7943652,,gMS-Ω GQuuuuuuX  エンディミオン・ユニット覚醒時,BANDAI,機動戦士Gundam GQuuuuuuX,HG,1/144,予約済み,,2025-12-19T21:54:03Z,
A567E78F-C93E-4A85-A472-A21CE4660AB3,,ZGMF-X20Aストライクフリーダムガンダム,BANDAI,機動戦士ガンダムSEED DESTINY,MG,1/100,完成,,2025-12-19T21:54:03Z,
78CA19F5-AE19-4765-B066-7D2756B89C8A,,ZGMF-X20Aストライクフリーダムガンダム,BANDAI,機動戦士ガンダムSEED DESTINY,RG,1/144,完成,,2025-12-19T21:54:03Z,
32145F13-D139-49F9-8B93-B9D578C68FB0,4573102638687,AMX-004-3 キュベレイMk-II(プルツー専用機) プレミアムバンダイ限定,BANDAI,機動戦士ガンダムZZ,HG,1/144,積み,,2025-12-19T21:54:03Z,
A190D592-E8DC-4B28-87ED-F1A1D9BD7D26,,YMS-15　ギャン,BANDAI,機動戦士ガンダム,PG,1/144,完成,,2025-12-19T21:54:03Z,
FADAA0A6-0143-4493-A18D-6245BF74B49B,,RX-78-2 ガンダム ENTRY GRADE,BANDAI,機動戦士ガンダム,EG,1/144,制作中,,2025-12-19T21:54:03Z,
5A0132FE-042F-4439-845B-9A050BC632B1,,MS-06S シャア専用ザク GQ,BANDAI,機動戦士Gundam GQuuuuuuX,HG,1/144,積み,,2025-12-19T21:54:03Z,
4CD5F886-E746-41F1-A65D-94170CC159F0,,RX-0 ユニコーンガンダム,BANDAI,機動戦士ガンダムUC,RG,1/144,完成,,2025-12-19T21:54:03Z,
CC13F80F-3B3C-4929-AF69-080BCC71D856,,ベアッガイオハナ&アロハロ セット,BANDAI,ガンダムビルドメタバース,HG,1/144,制作中,,2025-12-19T21:54:03Z,
39D4C59C-3C0B-4740-9041-D76B22642439,,MSM-10 ゾック,BANDAI,機動戦士ガンダム,HG,1/144,いつか手に入れたい,,2025-12-20T04:22:14Z,
23657C2A-4B66-4FD6-AFA4-EC110F41E8F4,,HG 1/144 ザクII C-6/R6型 プラモデル 『機動戦士ガンダム THE ORIGIN』（,BANDAI,,HG,1/144,いつか手に入れたい,,2025-12-20T05:29:25Z,
C8991DBC-054F-4620-ADA2-F7DD3380E9C1,,ＨＧ 1/144 量産型ザク＋ビッグ・ガン （ガンダムサンダーボルト版 ...,BANDAI,,不明,1/144,いつか手に入れたい,,2025-12-20T05:30:17Z,
8B5852D1-C761-43D9-9965-2385C65B5E9A,,HGUC 065 1/144 ヅダ バンダイスピリッツ,BANDAI,,HG,1/144,いつか手に入れたい,,2025-12-20T05:30:45Z,
0F01F04D-335F-470C-BC45-9C2FD056EE35,,RG 機動戦士ガンダムSEED ZGMF X10A フリーダムガンダム 1/144スケール 色分け済みプラモデル Bandai H,BANDAI,,RG,1/144,いつか手に入れたい,,2025-12-20T05:31:21Z,
C8658ADA-3628-474B-98DA-7EBF560308F3,,HG 機動戦士ガンダム THE ORIGIN ザクI (シャア・アズナブル機) 1/144スケール プラモデルおもちゃ ガンプラ プラモデル 8歳,BANDAI,,HG,1/144,いつか手に入れたい,,2025-12-20T05:31:51Z,
B3503349-B43F-4121-8454-A59DEFE984E8,,HG 機動戦士ガンダム THE ORIGIN ガンキャノン 最初期型 (鉄騎兵中隊機) 1/144スケール プラモデルおもちゃ ガンプラ プラモデル 8歳,BANDAI,,HG,1/144,いつか手に入れたい,,2025-12-20T05:32:24Z,
C808E086-5383-4EBD-8F95-81AD856D924A,,HG 1/144 『機動戦士ガンダム THE ORIGIN MSD』 ドム試作実験機 プラモデル バンダイ,BANDAI,,HG,1/144,いつか手に入れたい,,2025-12-20T05:32:51Z,
FF59B1B1-8B13-4A47-B57B-853258B04301,,HG 機動戦士ガンダム00 1/144 ガンダムデュナメス プラモデル（,BANDAI,,HG,1/144,いつか手に入れたい,,2025-12-20T05:33:45Z,
3ADFE584-341C-4A21-A8F1-BD537636F43E,,HG 1/144 GNR-101A GNアーチャー (ガンアーチャー) プラモデル 機動戦士ガンダム00 バンダイスピリッツ （ZP129530）,BANDAI,,HG,1/144,いつか手に入れたい,,2025-12-20T05:34:49Z,
9ADF6321-AE6C-42E9-A089-85C190526DC3,,HG 1/144 GN-003 ガンダムキュリオス プラモデル 機動戦士ガンダム00 バンダイスピリッツ （ZP140209）,BANDAI,,HG,1/144,いつか手に入れたい,,2025-12-20T05:40:47Z,
DCF923AB-1240-4813-9F8E-4C5520A9DA96,,HG 機動戦士ガンダム00 アリオスガンダム GNHW/M(ジーエヌヘビーウェポン/エヌ) 1/144スケール 色分け済み,BANDAI,,HG,1/144,いつか手に入れたい,,2025-12-20T05:41:17Z,
BD858664-FCB6-4869-918E-D7046C9B8528,,ボール (Ver.Ka),BANDAI,,MG,,いつか手に入れたい,,2025-12-20T05:42:58Z,
BC8CDF67-A39E-40A7-AD07-7489DCD7224D,,MSM-04G ジュアッグ(ユニコーンVer.,,,HG,1/144,いつか手に入れたい,,2025-12-20T05:44:03Z,